Product URL,Product Name,Product Price,Rating,Number of Reviews,Description,ASIN,Product Description,Manufacturer
https://www.amazon.in/Wesley-Milestone-Waterproof-Backpack-Business/dp/B084JGJ8PF,Wesley Milestone 2.0 Casual Waterproof Laptop Backpack/Office Bag/School Bag/College Bag/Business Bag/Travel Backpack (Dimensions:13x18 inches) (Compatible with 39.62cm(15.6inch laptop) 30 L (Blue & black),₹598,4.3,"10,914",N/A,N/A,N/A,N/A
https://www.amazon.in/American-Tourister-AMT-SCH-02/dp/B07CJCGM1M,American Tourister 32 Ltrs Black Casual Backpack (AMT FIZZ SCH BAG 02 - BLACK),"₹1,199",4.0,"54,180",N/A,N/A,"Laptop Compatibility: No, Strap Type: Adjustable, Trolley Support: No. With Rain Cover : NoOuter Material: Polyester, Color: BlackWater Resistance: Water resistant , not WaterproofCapacity: 32 liters; Dimensions: 31.5 x 22 x 49.5 CentimetersNumber of Wheels: 0, Number of compartments: 3Warranty type: Manufacturer; 1 year International warranty valid for 1 year from the original date ofMesh pockets on both sides to accommodate your sipper or bottle and umbrellaMesh Padding on back & shoulder strap to provide comfort & better back support",Brand: American Tourister
https://www.amazon.in/Skybags-Brat-Black-Casual-Backpack/dp/B08Z1HHHTD,Skybags Brat Black 46 Cms Casual Backpack,₹669,4.1,"4,546",N/A,N/A,N/A,N/A
https://www.amazon.in/American-Tourister-BACKPACK-COMPARTMENT-ORGANIZER/dp/B0BTD4FK9G,"American Tourister VALEX BLUE LAPTOP BACKPACK 28 Ltrs,Volume, LAPTOP COMPARTMENT, BOTTLE POCKET, FRONT ORGANIZER","₹1,299",4.2,201,"A backpack isn’t just a bag. It’s a cache, a case, a mobile base of sorts. And it is a reflection of the care you’ve put into selecting the ideal loadout of items to keep on you. Introducing Valex, a modern everyday backpacks collections are available in a variety of nice looking colours to express your true self",N/A,"Care Instructions: Hand Wash OnlyWell Organized compartment ,Security Back Pocket",Brand: American Tourister
https://www.amazon.in/ADISA-Laptop-Backpack-Office-College/dp/B09TPX22NF,ADISA 15.6 inch Laptop Backpack Office Bag College Travel Back Pack 32 Ltrs (z-Navy Blue),₹499,3.9,798,N/A,N/A,N/A,N/A
https://www.amazon.in/Half-Moon-Waterproof-Backpack-Students/dp/B085MHDJ93,"Half Moon 35L Water Resistant 15.6 inch Laptop Bag for Men/Backpack for Men, Navy Blue | Office Bag for Men/Office Bag for Women with Padded Laptop Compartment | Rain Cover & Reflective Strips",₹529,3.9,"15,916",N/A,N/A,N/A,N/A
https://www.amazon.in/Number-Backpack-Compartment-Charging-Organizer/dp/B09VTCNN75,"FUR JADEN Anti Theft Number Lock Backpack Bag with 15.6 Inch Laptop Compartment, USB Charging Port & Organizer Pocket for Men Women Boys Girls",₹699,4.0,"4,013",N/A,N/A,N/A,N/A
https://www.amazon.in/American-Tourister-BACKPACK-COMPARTMENT-ORGANIZER/dp/B0BTD4S4XF,"American Tourister VALEX BLACK LAPTOP BACKPACK 28 Ltrs,Volume, LAPTOP COMPARTMENT, BOTTLE POCKET, FRONT ORGANIZER","₹1,299",4.3,191,N/A,N/A,N/A,N/A
https://www.amazon.in/TRUE-HUMAN-Anti-Theft-backpack-charging/dp/B09QJ7ZF2Y,"TRUE HUMAN Emperor Anti-Theft backpack With USB charging Port Laptop Bag, Office bag, college bag and anti -theft back pocket (Black)",₹599,3.8,"2,030",N/A,N/A,N/A,N/A
https://www.amazon.in/SAFARI-Ltrs-Casual-Backpack-DAYPACKNEO15CBSEB/dp/B07Q7CNPMV,SAFARI 15 Ltrs Sea Blue Casual/School/College Backpack (DAYPACKNEO15CBSEB),₹248,4.0,"19,015",N/A,N/A,N/A,N/A
https://www.amazon.in/Number-Backpack-Compartment-Charging-Organizer/dp/B09VTDMRY7,"FUR JADEN Anti Theft Number Lock Backpack Bag with 15.6 Inch Laptop Compartment, USB Charging Port & Organizer Pocket for Men Women Boys Girls",₹699,4.0,"4,013",N/A,N/A,N/A,N/A
https://www.amazon.in/FUR-JADEN-Leatherette-Polypropylene-DUFF05/dp/B07M9BRCQ5,Fur Jaden Brown Textured Leatherette Stylish & Spacious Weekender Duffle Bag for Travel,₹899,4.3,"5,923",N/A,N/A,N/A,N/A
https://www.amazon.in/Wesley-Spartan-Hiking-Raincover-Organiser/dp/B098QFF5TJ,Wesley Spartan Unisex Travel Hiking Laptop Bag fits Upto 17.3 inch with Raincover and Internal Organiser Backpack Rucksack College Bag,₹698,4.1,"1,271",Wesley Spartan Unisex Travel Hiking Laptop Bag fits Upto 17.3 inch with Raincover and Internal Organiser Backpack Rucksack College Bag,N/A,"Spacious : This Rucksack bag is lightweight and comes with Three main compartment having the capacity of approx 45 Ltr, big enough to carry laptop of all sizes, books, clothes, camping gear; 3 main compartments to store all your essentials, A back mesh pocket to carry extra documents and numerous small pocket to carry all your small accessoriesCAPACITY & SIZE : 45 Litres; Weight: 0.9 kg ; Dimensions: 22.9cm x 36.8cm x 50.8cm ; Utility : Ideal for Travel, Hiking, Trekking & Camping, Day trip.; HIGH QUALITY : A major problem in many rucksack and travelling bags is that it get torn between your journeys or within a short period of time but this Rucksack which is made from high Quality materials, is stitched properly and has bartacks on pressure points is strong enough to hold all your items without any problemFEATURES : Back Padding, Chest Strap, Earphone Cord Support, Unique Design, Hip Belt, Integrated Rain Cover, Laptop Compartment, Telescope Handle, Water Bottle / Umbrella Pouch, Zip Closure, Padded Handles, Padded Shoulder Strap , Breathable Mesh etc.; Closure Type: Zipper; Age Range Description: AdultCOMFORTABLE TRAVEL : Backside Honeycomb padded structure which helps you travelling comfortably all day long, provides proper air circulation while in summer also to prevent you feel more relax. Chest Strap, Hip Belt, Straight Shaped Straps structure which fits on your shoulders very comfortably makes you lift heavy objects easily.12 Months Limited Brand Warranty",Brand: Wesley
https://www.amazon.in/Safari-45L-21-OB-BLK/dp/B07BZ5VC4H,Safari Seek 45 Ltrs Overnighter Expandable Travel Laptop Backpack,"₹1,999",4.5,"7,033",N/A,N/A,N/A,N/A
https://www.amazon.in/Lunars-Bingo-Laptop-Resistant-48L/dp/B08YZ8FFBZ,Lunar's Bingo - 48 L Laptop Office/School/Travel/Business Backpack Water Resistant - Fits Up to 15.6 Inch Laptop Notebook with 1 Year Warranty,₹899,3.9,"9,502",N/A,N/A,N/A,N/A
https://www.amazon.in/Lenovo-15-6-Inches-Everyday-Backpack/dp/B08R7RPVJF,"Lenovo 15.6"" (39.62cm) Slim Everyday Backpack, Made in India, Compact, Water-resistant, Organized storage:Laptop sleeve,tablet pocket,front workstation,2-side pockets,Padded adjustable shoulder straps",₹649,4.4,"3,036",N/A,N/A,N/A,N/A
https://www.amazon.in/Wesley-Milestone-Waterproof-Backpack-Business/dp/B084JGJ8PF,Wesley Milestone 2.0 Casual Waterproof Laptop Backpack/Office Bag/School Bag/College Bag/Business Bag/Travel Backpack (Dimensions:13x18 inches) (Compatible with 39.62cm(15.6inch laptop) 30 L (Blue & black),₹598,4.3,"10,914",N/A,N/A,"30L Capacity: The Backpack has a padded laptop compartment that can fit 15.6 inch laptop. It can also accommodate essentials such as a Lunch box, Charger, Tablet, Books, Power Bank, Wallet, and Sunglass.Multi-Level Organizer: The backpack has a front zipper pocket for the ID card, Sanitizer, House keys, Pen. First compartment with pockets for the earphones, pens, notebook, Fitness Band. Spacious second compartment for all your electronics.Ergonomic Design: Thick cushioning around the shoulders and on the back panel makes the backpack super light and comfortable on the move. “S” Shaped shoulder strap distribute the weight of the backpack across your upper body.Made In India: Wesley Business Casual Backpack is fully manufactured in India and pass through stringent quality tests and checks1 Year Warranty: The Wesley Business casual backpack comes with 1 year of warrantyWater Resistant Material: Advanced IPX4 coating on the material ensures resistance to water entering from any direction.›See more product details",Brand: Wesley
https://www.amazon.in/American-Tourister-AMT-SCH-02/dp/B07CJCGM1M,American Tourister 32 Ltrs Black Casual Backpack (AMT FIZZ SCH BAG 02 - BLACK),"₹1,199",4.0,"54,180",N/A,N/A,N/A,N/A
https://www.amazon.in/Skybags-Brat-Black-Casual-Backpack/dp/B08Z1HHHTD,Skybags Brat Black 46 Cms Casual Backpack,₹669,4.1,"4,546",N/A,N/A,N/A,N/A
https://www.amazon.in/American-Tourister-BACKPACK-COMPARTMENT-ORGANIZER/dp/B0BTD4FK9G,"American Tourister VALEX BLUE LAPTOP BACKPACK 28 Ltrs,Volume, LAPTOP COMPARTMENT, BOTTLE POCKET, FRONT ORGANIZER","₹1,299",4.2,201,"A backpack isn’t just a bag. It’s a cache, a case, a mobile base of sorts. And it is a reflection of the care you’ve put into selecting the ideal loadout of items to keep on you. Introducing Valex, a modern everyday backpacks collections are available in a variety of nice looking colours to express your true self",N/A,"Care Instructions: Hand Wash OnlyWell Organized compartment ,Security Back Pocket",Brand: American Tourister
https://www.amazon.in/ADISA-Laptop-Backpack-Office-College/dp/B09TPX22NF,ADISA 15.6 inch Laptop Backpack Office Bag College Travel Back Pack 32 Ltrs (z-Navy Blue),₹499,3.9,798,N/A,N/A,N/A,N/A
https://www.amazon.in/Half-Moon-Waterproof-Backpack-Students/dp/B085MHDJ93,"Half Moon 35L Water Resistant 15.6 inch Laptop Bag for Men/Backpack for Men, Navy Blue | Office Bag for Men/Office Bag for Women with Padded Laptop Compartment | Rain Cover & Reflective Strips",₹529,3.9,"15,916",N/A,N/A,N/A,N/A
https://www.amazon.in/Number-Backpack-Compartment-Charging-Organizer/dp/B09VTCNN75,"FUR JADEN Anti Theft Number Lock Backpack Bag with 15.6 Inch Laptop Compartment, USB Charging Port & Organizer Pocket for Men Women Boys Girls",₹699,4.0,"4,013",N/A,N/A,N/A,N/A
https://www.amazon.in/American-Tourister-BACKPACK-COMPARTMENT-ORGANIZER/dp/B0BTD4S4XF,"American Tourister VALEX BLACK LAPTOP BACKPACK 28 Ltrs,Volume, LAPTOP COMPARTMENT, BOTTLE POCKET, FRONT ORGANIZER","₹1,299",4.3,191,N/A,N/A,N/A,N/A
https://www.amazon.in/TRUE-HUMAN-Anti-Theft-backpack-charging/dp/B09QJ7ZF2Y,"TRUE HUMAN Emperor Anti-Theft backpack With USB charging Port Laptop Bag, Office bag, college bag and anti -theft back pocket (Black)",₹599,3.8,"2,030",N/A,N/A,N/A,N/A
https://www.amazon.in/SAFARI-Ltrs-Casual-Backpack-DAYPACKNEO15CBSEB/dp/B07Q7CNPMV,SAFARI 15 Ltrs Sea Blue Casual/School/College Backpack (DAYPACKNEO15CBSEB),₹248,4.0,"19,015",N/A,N/A,N/A,N/A
https://www.amazon.in/Number-Backpack-Compartment-Charging-Organizer/dp/B09VTDMRY7,"FUR JADEN Anti Theft Number Lock Backpack Bag with 15.6 Inch Laptop Compartment, USB Charging Port & Organizer Pocket for Men Women Boys Girls",₹699,4.0,"4,013",N/A,N/A,N/A,N/A
https://www.amazon.in/FUR-JADEN-Leatherette-Polypropylene-DUFF05/dp/B07M9BRCQ5,Fur Jaden Brown Textured Leatherette Stylish & Spacious Weekender Duffle Bag for Travel,₹899,4.3,"5,923","Get your globe-trotting in full swing with this handy duffel bag, while also carrying your basic essentials. The minimalistic design allows the millennial in you to travel anywhere without any hassles. This versatile duffel bag from Fur Jaden can be carried in your hand or on your shoulders using a Shoulder Strap provided with the Bag. Fret not on your escapades as this will bear the wear and tear of persistent use in the long run. This sturdy duffel bag from Fur Jaden can be taken along with you for those business trips or weekend getaway. The minimalistic design of this duffel bag from Fur Jaden enhances the durable looks of it. Making it so sophisticated yet the versatile functionality of it creates an endless list of possibilities to carry about will keep the on-lookers admiring. Pack your stuff and go on a whimsical adventure to complete your bucket list. For those surprise plans, just grab your valuables and essentials and you will be good to go.",N/A,"MATERIAL - We use Durable Artificial Leather which is Durable, Long Lasting and tested to ensure they don't peel off in just few months. The leather is also water resistant. Inner fabric lining ensured to have a soft touch feel. We use quality zips and accessories that have a long life.Dimensions: 47 x 28 x 27 CM. Volume Capacity - 35 Litres.Warranty - 6 Month Manufacturer Warranty against Manufacturing Defects",Brand: FUR JADEN
https://www.amazon.in/Wesley-Spartan-Hiking-Raincover-Organiser/dp/B098QFF5TJ,Wesley Spartan Unisex Travel Hiking Laptop Bag fits Upto 17.3 inch with Raincover and Internal Organiser Backpack Rucksack College Bag,₹698,4.1,"1,271",Wesley Spartan Unisex Travel Hiking Laptop Bag fits Upto 17.3 inch with Raincover and Internal Organiser Backpack Rucksack College Bag,N/A,"Spacious : This Rucksack bag is lightweight and comes with Three main compartment having the capacity of approx 45 Ltr, big enough to carry laptop of all sizes, books, clothes, camping gear; 3 main compartments to store all your essentials, A back mesh pocket to carry extra documents and numerous small pocket to carry all your small accessoriesCAPACITY & SIZE : 45 Litres; Weight: 0.9 kg ; Dimensions: 22.9cm x 36.8cm x 50.8cm ; Utility : Ideal for Travel, Hiking, Trekking & Camping, Day trip.; HIGH QUALITY : A major problem in many rucksack and travelling bags is that it get torn between your journeys or within a short period of time but this Rucksack which is made from high Quality materials, is stitched properly and has bartacks on pressure points is strong enough to hold all your items without any problemFEATURES : Back Padding, Chest Strap, Earphone Cord Support, Unique Design, Hip Belt, Integrated Rain Cover, Laptop Compartment, Telescope Handle, Water Bottle / Umbrella Pouch, Zip Closure, Padded Handles, Padded Shoulder Strap , Breathable Mesh etc.; Closure Type: Zipper; Age Range Description: AdultCOMFORTABLE TRAVEL : Backside Honeycomb padded structure which helps you travelling comfortably all day long, provides proper air circulation while in summer also to prevent you feel more relax. Chest Strap, Hip Belt, Straight Shaped Straps structure which fits on your shoulders very comfortably makes you lift heavy objects easily.12 Months Limited Brand Warranty",Brand: Wesley
https://www.amazon.in/Safari-45L-21-OB-BLK/dp/B07BZ5VC4H,Safari Seek 45 Ltrs Overnighter Expandable Travel Laptop Backpack,"₹1,999",4.5,"7,033",N/A,N/A,N/A,N/A
https://www.amazon.in/Lunars-Bingo-Laptop-Resistant-48L/dp/B08YZ8FFBZ,Lunar's Bingo - 48 L Laptop Office/School/Travel/Business Backpack Water Resistant - Fits Up to 15.6 Inch Laptop Notebook with 1 Year Warranty,₹899,3.9,"9,502",N/A,N/A,N/A,N/A
https://www.amazon.in/Lenovo-15-6-Inches-Everyday-Backpack/dp/B08R7RPVJF,"Lenovo 15.6"" (39.62cm) Slim Everyday Backpack, Made in India, Compact, Water-resistant, Organized storage:Laptop sleeve,tablet pocket,front workstation,2-side pockets,Padded adjustable shoulder straps",₹649,4.4,"3,036",N/A,N/A,"Slim, compact & sturdy: Minimal and compact design for professionals: Joint material design, durable, water-resistant polyester material. The padded shoulder straps, handle, and back panel provides protection and all-day comfortSmooth zippers that never jam or breakStyle meets Function: Minimal & compact design, stores and protects laptops up to 15.6-inches. Ideal for students and professionals looking for a stylish and compact backpack for daily useSpacious storage with easy organization: Inside, you'll find a laptop sleeve, a tablet pocket, a roomy front workstation, and two side pockets for quick access to your other essentialsThe padded shoulder straps, handle, and back panel provides protection and all-day comfort.›See more product details",Brand: Lenovo
https://www.amazon.in/Wesley-Milestone-Waterproof-Backpack-Business/dp/B084JGJ8PF,Wesley Milestone 2.0 Casual Waterproof Laptop Backpack/Office Bag/School Bag/College Bag/Business Bag/Travel Backpack (Dimensions:13x18 inches) (Compatible with 39.62cm(15.6inch laptop) 30 L (Blue & black),₹598,4.3,"10,914",N/A,N/A,"30L Capacity: The Backpack has a padded laptop compartment that can fit 15.6 inch laptop. It can also accommodate essentials such as a Lunch box, Charger, Tablet, Books, Power Bank, Wallet, and Sunglass.Multi-Level Organizer: The backpack has a front zipper pocket for the ID card, Sanitizer, House keys, Pen. First compartment with pockets for the earphones, pens, notebook, Fitness Band. Spacious second compartment for all your electronics.Ergonomic Design: Thick cushioning around the shoulders and on the back panel makes the backpack super light and comfortable on the move. “S” Shaped shoulder strap distribute the weight of the backpack across your upper body.Made In India: Wesley Business Casual Backpack is fully manufactured in India and pass through stringent quality tests and checks1 Year Warranty: The Wesley Business casual backpack comes with 1 year of warrantyWater Resistant Material: Advanced IPX4 coating on the material ensures resistance to water entering from any direction.›See more product details",Brand: Wesley
https://www.amazon.in/American-Tourister-AMT-SCH-02/dp/B07CJCGM1M,American Tourister 32 Ltrs Black Casual Backpack (AMT FIZZ SCH BAG 02 - BLACK),"₹1,199",4.0,"54,180",N/A,N/A,N/A,N/A
https://www.amazon.in/Skybags-Brat-Black-Casual-Backpack/dp/B08Z1HHHTD,Skybags Brat Black 46 Cms Casual Backpack,₹669,4.1,"4,546",N/A,N/A,N/A,N/A
https://www.amazon.in/American-Tourister-BACKPACK-COMPARTMENT-ORGANIZER/dp/B0BTD4FK9G,"American Tourister VALEX BLUE LAPTOP BACKPACK 28 Ltrs,Volume, LAPTOP COMPARTMENT, BOTTLE POCKET, FRONT ORGANIZER","₹1,299",4.2,201,N/A,N/A,N/A,N/A
https://www.amazon.in/ADISA-Laptop-Backpack-Office-College/dp/B09TPX22NF,ADISA 15.6 inch Laptop Backpack Office Bag College Travel Back Pack 32 Ltrs (z-Navy Blue),₹499,3.9,798,N/A,N/A,N/A,N/A
https://www.amazon.in/Half-Moon-Waterproof-Backpack-Students/dp/B085MHDJ93,"Half Moon 35L Water Resistant 15.6 inch Laptop Bag for Men/Backpack for Men, Navy Blue | Office Bag for Men/Office Bag for Women with Padded Laptop Compartment | Rain Cover & Reflective Strips",₹529,3.9,"15,916",N/A,N/A,N/A,N/A
https://www.amazon.in/Number-Backpack-Compartment-Charging-Organizer/dp/B09VTCNN75,"FUR JADEN Anti Theft Number Lock Backpack Bag with 15.6 Inch Laptop Compartment, USB Charging Port & Organizer Pocket for Men Women Boys Girls",₹699,4.0,"4,013",N/A,N/A,N/A,N/A
https://www.amazon.in/American-Tourister-BACKPACK-COMPARTMENT-ORGANIZER/dp/B0BTD4S4XF,"American Tourister VALEX BLACK LAPTOP BACKPACK 28 Ltrs,Volume, LAPTOP COMPARTMENT, BOTTLE POCKET, FRONT ORGANIZER","₹1,299",4.3,191,N/A,N/A,N/A,N/A
https://www.amazon.in/TRUE-HUMAN-Anti-Theft-backpack-charging/dp/B09QJ7ZF2Y,"TRUE HUMAN Emperor Anti-Theft backpack With USB charging Port Laptop Bag, Office bag, college bag and anti -theft back pocket (Black)",₹599,3.8,"2,030",N/A,N/A,N/A,N/A
https://www.amazon.in/SAFARI-Ltrs-Casual-Backpack-DAYPACKNEO15CBSEB/dp/B07Q7CNPMV,SAFARI 15 Ltrs Sea Blue Casual/School/College Backpack (DAYPACKNEO15CBSEB),₹248,4.0,"19,015",N/A,N/A,N/A,N/A
https://www.amazon.in/Number-Backpack-Compartment-Charging-Organizer/dp/B09VTDMRY7,"FUR JADEN Anti Theft Number Lock Backpack Bag with 15.6 Inch Laptop Compartment, USB Charging Port & Organizer Pocket for Men Women Boys Girls",₹699,4.0,"4,013",N/A,N/A,N/A,N/A
https://www.amazon.in/FUR-JADEN-Leatherette-Polypropylene-DUFF05/dp/B07M9BRCQ5,Fur Jaden Brown Textured Leatherette Stylish & Spacious Weekender Duffle Bag for Travel,₹899,4.3,"5,923",N/A,N/A,N/A,N/A
https://www.amazon.in/Wesley-Spartan-Hiking-Raincover-Organiser/dp/B098QFF5TJ,Wesley Spartan Unisex Travel Hiking Laptop Bag fits Upto 17.3 inch with Raincover and Internal Organiser Backpack Rucksack College Bag,₹698,4.1,"1,271",N/A,N/A,N/A,N/A
https://www.amazon.in/Safari-45L-21-OB-BLK/dp/B07BZ5VC4H,Safari Seek 45 Ltrs Overnighter Expandable Travel Laptop Backpack,"₹1,999",4.5,"7,033",N/A,N/A,N/A,N/A
https://www.amazon.in/Lunars-Bingo-Laptop-Resistant-48L/dp/B08YZ8FFBZ,Lunar's Bingo - 48 L Laptop Office/School/Travel/Business Backpack Water Resistant - Fits Up to 15.6 Inch Laptop Notebook with 1 Year Warranty,₹899,3.9,"9,502",N/A,N/A,N/A,N/A
https://www.amazon.in/Lenovo-15-6-Inches-Everyday-Backpack/dp/B08R7RPVJF,"Lenovo 15.6"" (39.62cm) Slim Everyday Backpack, Made in India, Compact, Water-resistant, Organized storage:Laptop sleeve,tablet pocket,front workstation,2-side pockets,Padded adjustable shoulder straps",₹649,4.4,"3,036",N/A,N/A,"Slim, compact & sturdy: Minimal and compact design for professionals: Joint material design, durable, water-resistant polyester material. The padded shoulder straps, handle, and back panel provides protection and all-day comfortSmooth zippers that never jam or breakStyle meets Function: Minimal & compact design, stores and protects laptops up to 15.6-inches. Ideal for students and professionals looking for a stylish and compact backpack for daily useSpacious storage with easy organization: Inside, you'll find a laptop sleeve, a tablet pocket, a roomy front workstation, and two side pockets for quick access to your other essentials›See more product details",Brand: Lenovo
https://www.amazon.in/Wesley-Milestone-Waterproof-Backpack-Business/dp/B084JGJ8PF,Wesley Milestone 2.0 Casual Waterproof Laptop Backpack/Office Bag/School Bag/College Bag/Business Bag/Travel Backpack (Dimensions:13x18 inches) (Compatible with 39.62cm(15.6inch laptop) 30 L (Blue & black),₹598,4.3,"10,914",N/A,N/A,N/A,N/A
https://www.amazon.in/American-Tourister-AMT-SCH-02/dp/B07CJCGM1M,American Tourister 32 Ltrs Black Casual Backpack (AMT FIZZ SCH BAG 02 - BLACK),"₹1,199",4.0,"54,180",N/A,N/A,"Laptop Compatibility: No, Strap Type: Adjustable, Trolley Support: No. With Rain Cover : NoOuter Material: Polyester, Color: BlackWater Resistance: Water resistant , not WaterproofCapacity: 32 liters; Dimensions: 31.5 x 22 x 49.5 CentimetersNumber of Wheels: 0, Number of compartments: 3Warranty type: Manufacturer; 1 year International warranty valid for 1 year from the original date ofMesh pockets on both sides to accommodate your sipper or bottle and umbrellaMesh Padding on back & shoulder strap to provide comfort & better back support",Brand: American Tourister
https://www.amazon.in/Skybags-Brat-Black-Casual-Backpack/dp/B08Z1HHHTD,Skybags Brat Black 46 Cms Casual Backpack,₹669,4.1,"4,546",N/A,N/A,N/A,N/A
https://www.amazon.in/American-Tourister-BACKPACK-COMPARTMENT-ORGANIZER/dp/B0BTD4FK9G,"American Tourister VALEX BLUE LAPTOP BACKPACK 28 Ltrs,Volume, LAPTOP COMPARTMENT, BOTTLE POCKET, FRONT ORGANIZER","₹1,299",4.2,201,N/A,N/A,N/A,N/A
https://www.amazon.in/ADISA-Laptop-Backpack-Office-College/dp/B09TPX22NF,ADISA 15.6 inch Laptop Backpack Office Bag College Travel Back Pack 32 Ltrs (z-Navy Blue),₹499,3.9,798,N/A,N/A,N/A,N/A
https://www.amazon.in/Half-Moon-Waterproof-Backpack-Students/dp/B085MHDJ93,"Half Moon 35L Water Resistant 15.6 inch Laptop Bag for Men/Backpack for Men, Navy Blue | Office Bag for Men/Office Bag for Women with Padded Laptop Compartment | Rain Cover & Reflective Strips",₹529,3.9,"15,916",N/A,N/A,N/A,N/A
https://www.amazon.in/Number-Backpack-Compartment-Charging-Organizer/dp/B09VTCNN75,"FUR JADEN Anti Theft Number Lock Backpack Bag with 15.6 Inch Laptop Compartment, USB Charging Port & Organizer Pocket for Men Women Boys Girls",₹699,4.0,"4,013",N/A,N/A,N/A,N/A
https://www.amazon.in/American-Tourister-BACKPACK-COMPARTMENT-ORGANIZER/dp/B0BTD4S4XF,"American Tourister VALEX BLACK LAPTOP BACKPACK 28 Ltrs,Volume, LAPTOP COMPARTMENT, BOTTLE POCKET, FRONT ORGANIZER","₹1,299",4.3,191,N/A,N/A,N/A,N/A
https://www.amazon.in/TRUE-HUMAN-Anti-Theft-backpack-charging/dp/B09QJ7ZF2Y,"TRUE HUMAN Emperor Anti-Theft backpack With USB charging Port Laptop Bag, Office bag, college bag and anti -theft back pocket (Black)",₹599,3.8,"2,030",N/A,N/A,N/A,N/A
https://www.amazon.in/SAFARI-Ltrs-Casual-Backpack-DAYPACKNEO15CBSEB/dp/B07Q7CNPMV,SAFARI 15 Ltrs Sea Blue Casual/School/College Backpack (DAYPACKNEO15CBSEB),₹248,4.0,"19,015",N/A,N/A,N/A,N/A
https://www.amazon.in/Number-Backpack-Compartment-Charging-Organizer/dp/B09VTDMRY7,"FUR JADEN Anti Theft Number Lock Backpack Bag with 15.6 Inch Laptop Compartment, USB Charging Port & Organizer Pocket for Men Women Boys Girls",₹699,4.0,"4,013",N/A,N/A,N/A,N/A
https://www.amazon.in/FUR-JADEN-Leatherette-Polypropylene-DUFF05/dp/B07M9BRCQ5,Fur Jaden Brown Textured Leatherette Stylish & Spacious Weekender Duffle Bag for Travel,₹899,4.3,"5,923","Get your globe-trotting in full swing with this handy duffel bag, while also carrying your basic essentials. The minimalistic design allows the millennial in you to travel anywhere without any hassles. This versatile duffel bag from Fur Jaden can be carried in your hand or on your shoulders using a Shoulder Strap provided with the Bag. Fret not on your escapades as this will bear the wear and tear of persistent use in the long run. This sturdy duffel bag from Fur Jaden can be taken along with you for those business trips or weekend getaway. The minimalistic design of this duffel bag from Fur Jaden enhances the durable looks of it. Making it so sophisticated yet the versatile functionality of it creates an endless list of possibilities to carry about will keep the on-lookers admiring. Pack your stuff and go on a whimsical adventure to complete your bucket list. For those surprise plans, just grab your valuables and essentials and you will be good to go.",N/A,"MATERIAL - We use Durable Artificial Leather which is Durable, Long Lasting and tested to ensure they don't peel off in just few months. The leather is also water resistant. Inner fabric lining ensured to have a soft touch feel. We use quality zips and accessories that have a long life.Dimensions: 47 x 28 x 27 CM. Volume Capacity - 35 Litres.Warranty - 6 Month Manufacturer Warranty against Manufacturing Defects",Brand: FUR JADEN
https://www.amazon.in/Wesley-Spartan-Hiking-Raincover-Organiser/dp/B098QFF5TJ,Wesley Spartan Unisex Travel Hiking Laptop Bag fits Upto 17.3 inch with Raincover and Internal Organiser Backpack Rucksack College Bag,₹698,4.1,"1,271",N/A,N/A,N/A,N/A
https://www.amazon.in/Safari-45L-21-OB-BLK/dp/B07BZ5VC4H,Safari Seek 45 Ltrs Overnighter Expandable Travel Laptop Backpack,"₹1,999",4.5,"7,033",N/A,N/A,N/A,N/A
https://www.amazon.in/Lunars-Bingo-Laptop-Resistant-48L/dp/B08YZ8FFBZ,Lunar's Bingo - 48 L Laptop Office/School/Travel/Business Backpack Water Resistant - Fits Up to 15.6 Inch Laptop Notebook with 1 Year Warranty,₹899,3.9,"9,502",N/A,N/A,"MADE IN INDIA - This “MAKE IN INDIA” Laptop bag for men features 3 large zippered compartments, 1 zip pocket at front, 2 side bottle pockets. This is a perfect laptop, office, school, college bag for men, women, boys and girls. In deed a perfect all-rounder backpack for men, school bags for boys and girls, College bag for boys and college bag for girls, office bag for men and women.LAPTOP BAG FEATURES - Compartment Description: Up To 15 Inches; Style Name: Casual Backpack for men. Capacity: 48 liters. Size: 20 inch X 13.5 inch X 9.5 inch.WATER RESISTANT – This laptop bag for men is stylish and durable unisex travel laptop backpack that is your perfect travel partner. School bags for boys is made of high-grade water-resistant polyester material that gives it strength and durable for long-term use. 12 months warranty for any manufacturing defects.PADDED LAPTOP SLEEVE AND INTERNAL ORGANISER : Padded Laptop backpack for men has sleeve with holder to secure upto 15.6"" Laptops. This office bag for men is compatible with laptops like HP / Lenovo / Acer / ASUS / Dell. Internal organiser to neatly organise and store your keys, cables, stationary and other valuables from theft.1 YEAR WARRANTY - We offer 1 Year warranty for any manufacturing defects; BEST BACK SUPPORT - We have designed this laptop bag for men to keep your comfort in mind. Shoulder has 12MM high density padding, with 3D ventilated air foam padding to prevent sweating when you use the bag; Pattern Name: Solid; Age Range Description: Adult; Color Name: Black; Special Features: Laptop Compartment; Pattern Name: Solid; Age Range Description: Adult",Visit the Lunar's Store
https://www.amazon.in/Lenovo-15-6-Inches-Everyday-Backpack/dp/B08R7RPVJF,"Lenovo 15.6"" (39.62cm) Slim Everyday Backpack, Made in India, Compact, Water-resistant, Organized storage:Laptop sleeve,tablet pocket,front workstation,2-side pockets,Padded adjustable shoulder straps",₹649,4.4,"3,036",N/A,N/A,N/A,N/A
https://www.amazon.in/Wesley-Milestone-Waterproof-Backpack-Business/dp/B084JGJ8PF,Wesley Milestone 2.0 Casual Waterproof Laptop Backpack/Office Bag/School Bag/College Bag/Business Bag/Travel Backpack (Dimensions:13x18 inches) (Compatible with 39.62cm(15.6inch laptop) 30 L (Blue & black),₹598,4.3,"10,914",N/A,N/A,N/A,N/A
https://www.amazon.in/American-Tourister-AMT-SCH-02/dp/B07CJCGM1M,American Tourister 32 Ltrs Black Casual Backpack (AMT FIZZ SCH BAG 02 - BLACK),"₹1,199",4.0,"54,180",N/A,N/A,"Laptop Compatibility: No, Strap Type: Adjustable, Trolley Support: No. With Rain Cover : NoOuter Material: Polyester, Color: BlackWater Resistance: Water resistant , not WaterproofCapacity: 32 liters; Dimensions: 31.5 x 22 x 49.5 CentimetersNumber of Wheels: 0, Number of compartments: 3Warranty type: Manufacturer; 1 year International warranty valid for 1 year from the original date ofMesh pockets on both sides to accommodate your sipper or bottle and umbrellaMesh Padding on back & shoulder strap to provide comfort & better back support",Brand: American Tourister
https://www.amazon.in/Skybags-Brat-Black-Casual-Backpack/dp/B08Z1HHHTD,Skybags Brat Black 46 Cms Casual Backpack,₹669,4.1,"4,546","Ideal for a college student who does not carry a lot of books or laptop to college. Very stylish, slim and feature loaded Backpack",N/A,"Combination of functional & safety features in stylish design, Soft mesh back with 8 mm foam padded 2 Main Compartment, 1 Slip In Pocket inside the bag, Printed Design, Mesh bottle holder on the side,Water Resistance Level: Not Water ResistantSize: 35 x 13 x 46 cms",Visit the Skybags Store
https://www.amazon.in/American-Tourister-BACKPACK-COMPARTMENT-ORGANIZER/dp/B0BTD4FK9G,"American Tourister VALEX BLUE LAPTOP BACKPACK 28 Ltrs,Volume, LAPTOP COMPARTMENT, BOTTLE POCKET, FRONT ORGANIZER","₹1,299",4.2,201,N/A,N/A,N/A,N/A
https://www.amazon.in/ADISA-Laptop-Backpack-Office-College/dp/B09TPX22NF,ADISA 15.6 inch Laptop Backpack Office Bag College Travel Back Pack 32 Ltrs (z-Navy Blue),₹499,3.9,798,N/A,N/A,Material: Water Resistant Light-Weight Polyester<br>Compartments: 2 with padding; Laptop Size: 15.6 inch and below<br>Dimensions: LxWxH - 12.5 x 7.5 x 19 inches<br>Reflector Logo / Adjustable Padded Shoulder Straps / 2 Bottle holders<br>Closure Type: Zipper<br>,Visit the ADISA Store
https://www.amazon.in/Half-Moon-Waterproof-Backpack-Students/dp/B085MHDJ93,"Half Moon 35L Water Resistant 15.6 inch Laptop Bag for Men/Backpack for Men, Navy Blue | Office Bag for Men/Office Bag for Women with Padded Laptop Compartment | Rain Cover & Reflective Strips",₹529,3.9,"15,916",N/A,N/A,"SPACIOUS AND LIGHTWEIGHT: Light weight & spacious laptop bag for men comes with 3 compartments. One is for carrying laptop inside (Upto 17""), with padding for safety, and space for laptop accessories like charger, etc. Second compartment of office bag for men is for books, files & all your day to day essentials. And third compartment of backpack for men is for your extra stuff. Laptop backpacks for men has provision for holding bottles on both sides & has padded shoulder straps for your comfortCOMFORT WITH QUALITY: This backpack for men has Wide, Padded & Adjustable shoulder straps & Padded Back for comfort in carrying heavy items. The laptop bag for men is stitched properly & Bartacks on every pressure point for extra durability. The office bag for men are made with strong yet light weight polyester fabric with heavy zippers. College Bags for men also comes with a Rain cover so that you can travel during rainy season without any problem. This laptop bag can be used by everyone.SMART & TRENDY LOOKS: This Large backpack for men is smart, trendy and stylish in looks. The multipurpose college bags for men looks smart, athletic and venturesome and the blend of grey and red makes it appear exquisite. Your hiking trips, mountaineering experience cannot get completed without this amazing trekking backpack. PREMIUM FABRIC : Premium Polyester, Stylish and durable backpack for school /college and travel. Easily accommodate a laptop. Size: 45 cm X 31 cm X 22 cmENDURING & LONG LASTING LAPTOP BACKPACK: This trekking backpack for men/laptop bag for men is made up of highly durable material, which makes it suitable for all weather conditions including rains & extreme scorching heat. It will not only keep the inside stuff safe but will also resist damage to itself. We have designed the bag keeping your comfort in mind. Shoulder has high density padding, with 3D ventilated air foam padding to prevent sweating & to help you lift heavy objects easily.OTHER FEATURES OF LAPTOP BAG FOR MEN: The office bag for men / office bag for women has Strong and durable zippers, Adjustable Shoulder Handles (Straps) , 2 Bottle/Umbrella holders , Padded Handle , Padded Laptop Compartment (can carry laptops of size 13, 14, 15.6 & 17 inches), Reflector Logo.",Visit the Half Moon Store
https://www.amazon.in/Number-Backpack-Compartment-Charging-Organizer/dp/B09VTCNN75,"FUR JADEN Anti Theft Number Lock Backpack Bag with 15.6 Inch Laptop Compartment, USB Charging Port & Organizer Pocket for Men Women Boys Girls",₹699,4.0,"4,013","Stay organized all day with a durable and lightweight backpack from Fur Jaden. This back pack is a stylish and functional accessory for men and women. Can add admiration to an appealing and daring personality with a remarkable aesthetics and functionality. This backpack features an anti-theft design. You can also charge your phone on the go and organize your stuff like pro. Fur Jaden functional back pack is apt to protect your gadgets and belongings from being stolen while you travel, thanks to its special anti-theft design. Now keep your belongings safe with style. The backpack features multiple compartments that you may use for your laptop and other essentials. A remarkable feature of this backpack allows you to charge your phone while you are on the move. With an attached charging dock in the back you may connect a portable power bank with ease. Weighing about 600grams, this backpack is lightweight. The backpack is able to house a laptop of up to 15.6 inches and has seven inner compartments to place your other essentials. Made from durable quality polymer this Fur Jaden back pack is sturdy and reliable. Flaunt this bag with style and low maintenance as this bag is washable. This backpack is also suitable for school or college. The straps are designed to distribute the weight equally on each shoulder preventing any sort of discomfort. Use this back pack for office, college/school or during travels.",N/A,Care Instructions: Wipe with Damp ClothNumber Lock: This Fur Jaden Anti Theft laptop backpack comes equipped with a Number Lock. This helps keep your laptop and other belongings safe when you need to leave your bag unattended in a public space. The number lock sequence can be changed and customised by your directly.<br>USB Charging Port: Now charge your devices on the go with your new Fur Jaden backpack without the hassle of carrying a bulk power bank in your pocket/ hand at all times.<br>Ergonomic Design: This backpack has been designed to ensure equal weight distribution on your shoulders along with padded shoulder straps and breathable air mesh on the back.<br>Dimension: 42 CM (L) x 30 CM (W) x 18 CM (D). Storage Capacity: 25L. Weight: 600 Grams; Warranty: 1 Year Manufacturer Warranty against Manufacturing Defects<br>Age Range Description: Adult; Closure Type: Zipper; Lining Description: Polyester<br>,Brand: FUR JADEN
https://www.amazon.in/American-Tourister-BACKPACK-COMPARTMENT-ORGANIZER/dp/B0BTD4S4XF,"American Tourister VALEX BLACK LAPTOP BACKPACK 28 Ltrs,Volume, LAPTOP COMPARTMENT, BOTTLE POCKET, FRONT ORGANIZER","₹1,299",4.3,191,"A backpack isn’t just a bag. It’s a cache, a case, a mobile base of sorts. And it is a reflection of the care you’ve put into selecting the ideal loadout of items to keep on you. Introducing Valex, a modern everyday backpacks collections are available in a variety of nice looking colours to express your true self",N/A,"Care Instructions: Hand Wash OnlyWell Organized compartment ,Security Back Pocket",Brand: American Tourister
https://www.amazon.in/TRUE-HUMAN-Anti-Theft-backpack-charging/dp/B09QJ7ZF2Y,"TRUE HUMAN Emperor Anti-Theft backpack With USB charging Port Laptop Bag, Office bag, college bag and anti -theft back pocket (Black)",₹599,3.8,"2,030",N/A,N/A,N/A,N/A
https://www.amazon.in/SAFARI-Ltrs-Casual-Backpack-DAYPACKNEO15CBSEB/dp/B07Q7CNPMV,SAFARI 15 Ltrs Sea Blue Casual/School/College Backpack (DAYPACKNEO15CBSEB),₹248,4.0,"19,015",N/A,N/A,N/A,N/A
https://www.amazon.in/Number-Backpack-Compartment-Charging-Organizer/dp/B09VTDMRY7,"FUR JADEN Anti Theft Number Lock Backpack Bag with 15.6 Inch Laptop Compartment, USB Charging Port & Organizer Pocket for Men Women Boys Girls",₹699,4.0,"4,013",N/A,N/A,N/A,N/A
https://www.amazon.in/FUR-JADEN-Leatherette-Polypropylene-DUFF05/dp/B07M9BRCQ5,Fur Jaden Brown Textured Leatherette Stylish & Spacious Weekender Duffle Bag for Travel,₹899,4.3,"5,923",N/A,N/A,N/A,N/A
https://www.amazon.in/Wesley-Spartan-Hiking-Raincover-Organiser/dp/B098QFF5TJ,Wesley Spartan Unisex Travel Hiking Laptop Bag fits Upto 17.3 inch with Raincover and Internal Organiser Backpack Rucksack College Bag,₹698,4.1,"1,271",Wesley Spartan Unisex Travel Hiking Laptop Bag fits Upto 17.3 inch with Raincover and Internal Organiser Backpack Rucksack College Bag,N/A,"Spacious : This Rucksack bag is lightweight and comes with Three main compartment having the capacity of approx 45 Ltr, big enough to carry laptop of all sizes, books, clothes, camping gear; 3 main compartments to store all your essentials, A back mesh pocket to carry extra documents and numerous small pocket to carry all your small accessoriesCAPACITY & SIZE : 45 Litres; Weight: 0.9 kg ; Dimensions: 22.9cm x 36.8cm x 50.8cm ; Utility : Ideal for Travel, Hiking, Trekking & Camping, Day trip.; HIGH QUALITY : A major problem in many rucksack and travelling bags is that it get torn between your journeys or within a short period of time but this Rucksack which is made from high Quality materials, is stitched properly and has bartacks on pressure points is strong enough to hold all your items without any problemFEATURES : Back Padding, Chest Strap, Earphone Cord Support, Unique Design, Hip Belt, Integrated Rain Cover, Laptop Compartment, Telescope Handle, Water Bottle / Umbrella Pouch, Zip Closure, Padded Handles, Padded Shoulder Strap , Breathable Mesh etc.; Closure Type: Zipper; Age Range Description: AdultCOMFORTABLE TRAVEL : Backside Honeycomb padded structure which helps you travelling comfortably all day long, provides proper air circulation while in summer also to prevent you feel more relax. Chest Strap, Hip Belt, Straight Shaped Straps structure which fits on your shoulders very comfortably makes you lift heavy objects easily.12 Months Limited Brand Warranty",Brand: Wesley
https://www.amazon.in/Safari-45L-21-OB-BLK/dp/B07BZ5VC4H,Safari Seek 45 Ltrs Overnighter Expandable Travel Laptop Backpack,"₹1,999",4.5,"7,033",N/A,N/A,N/A,N/A
https://www.amazon.in/Lunars-Bingo-Laptop-Resistant-48L/dp/B08YZ8FFBZ,Lunar's Bingo - 48 L Laptop Office/School/Travel/Business Backpack Water Resistant - Fits Up to 15.6 Inch Laptop Notebook with 1 Year Warranty,₹899,3.9,"9,502",N/A,N/A,N/A,N/A
https://www.amazon.in/Lenovo-15-6-Inches-Everyday-Backpack/dp/B08R7RPVJF,"Lenovo 15.6"" (39.62cm) Slim Everyday Backpack, Made in India, Compact, Water-resistant, Organized storage:Laptop sleeve,tablet pocket,front workstation,2-side pockets,Padded adjustable shoulder straps",₹649,4.4,"3,036",N/A,N/A,"Slim, compact & sturdy: Minimal and compact design for professionals: Joint material design, durable, water-resistant polyester material. The padded shoulder straps, handle, and back panel provides protection and all-day comfortSmooth zippers that never jam or breakStyle meets Function: Minimal & compact design, stores and protects laptops up to 15.6-inches. Ideal for students and professionals looking for a stylish and compact backpack for daily useSpacious storage with easy organization: Inside, you'll find a laptop sleeve, a tablet pocket, a roomy front workstation, and two side pockets for quick access to your other essentialsThe padded shoulder straps, handle, and back panel provides protection and all-day comfort.›See more product details",Brand: Lenovo
